displayName,officialPosition,Total_Plays,Avg_POPS,Std_POPS
A'Shawn Robinson,DT,33.0,0.32315650323884354,0.037456655521970084
A.J. Bouye,CB,6.0,0.3301828231895892,0.04237183164157099
A.J. Epenesa,DE,51.0,0.32252345949886546,0.041577690680024385
A.J. Johnson,ILB,24.0,0.3345961658748484,0.04334443401447265
A.J. Klein,OLB,2.0,0.35727512370705017,0.07695380914544217
A.J. Parker,CB,5.0,0.30286056342217266,0.0
Aaron Donald,DT,162.0,0.3304939616837663,0.04083210790628502
Adam Butler,DE,123.0,0.32088073157197533,0.032863167062989376
Adam Gotsis,DE,40.0,0.31624158759457854,0.03325246484630391
Adetokunbo Ogundeji,OLB,44.0,0.3144377820754693,0.03314236589439878
Adrian Amos,FS,5.0,0.30286056342217266,0.0
Adrian Colbert,FS,2.0,0.3516008079654737,0.0689291148665176
Adrian Phillips,SS,6.0,0.3365806295371448,0.053174167554128536
Akeem Davis-Gaither,ILB,11.0,0.3381380206419682,0.04379890873952548
Akiem Hicks,DT,57.0,0.3199358002096534,0.039905799465368694
Al Woods,DT,68.0,0.31822935550841397,0.038172893442581846
Al-Quadin Muhammad,DE,88.0,0.30903956356532974,0.023363072442734324
Albert Huggins,DT,18.0,0.32347628823977803,0.040675764751711384
Alec Ogletree,ILB,6.0,0.3477940013091594,0.07800886574858595
Alex Anzalone,ILB,16.0,0.3281626685681485,0.039243986798603414
Alex Highsmith,OLB,94.0,0.31952429414139794,0.036359316873345524
Alex Okafor,DE,63.0,0.3141494756777778,0.030251873011182293
Alex Singleton,OLB,4.0,0.35482544748047856,0.06390850336870263
Alim McNeill,NT,18.0,0.3216626661052656,0.036624393220253515
Alton Robinson,DE,28.0,0.3146708458647019,0.029649884705630798
Amani Bledsoe,DE,13.0,0.3080270400435329,0.018627996371800057
Amani Hooker,FS,1.0,0.30286056342217266,
Andre Mintze,OLB,11.0,0.31413948169602174,0.03740793995544032
Andrew Adams,SS,2.0,0.30286056342217266,0.0
Andrew Billings,DT,11.0,0.3028605634221727,5.822058658345462e-17
Andrew Dowell,OLB,1.0,0.3804293195258527,
Andrew Van Ginkel,OLB,56.0,0.31661807922816443,0.032344841971513424
Andrew Wingard,FS,4.0,0.30286056342217266,0.0
Angelo Blackson,DT,66.0,0.31957799785520746,0.0373796479330037
Anthony Barr,OLB,12.0,0.3086837038211436,0.020171950061248948
Anthony Chesley,CB,2.0,0.30286056342217266,0.0
Anthony Harris,FS,1.0,0.38478085890046543,
Anthony Hitchens,ILB,4.0,0.32058213558314425,0.03544314432194315
Anthony Nelson,OLB,31.0,0.3239722233969645,0.04715328335929649
Anthony Walker,MLB,3.0,0.30286056342217266,0.0
Antoine Winfield,FS,6.0,0.3150439798713392,0.029843153624289288
Antonio Hamilton,CB,4.0,0.3240690085275672,0.04241689021078915
Antwaun Woods,DT,4.0,0.30286056342217266,0.0
Arden Key,DE,37.0,0.31860443085222906,0.033828344244759556
Arik Armstead,DE,92.0,0.3268928609811872,0.03997431579382484
Armon Watts,NT,40.0,0.3292566959352484,0.03902304952622714
Arthur Maulet,CB,6.0,0.30286056342217266,0.0
Austin Bryant,OLB,24.0,0.315014947637369,0.03402020574403083
Austin Faoliu,DT,8.0,0.3117902794299465,0.02525705097266789
Austin Johnson,NT,51.0,0.31568879481628415,0.03076651952380799
Avery Williams,RB,4.0,0.32086281614935663,0.03600450545436795
Avonte Maddox,CB,2.0,0.39663473860327586,0.017283737896464924
Azeez Al-Shaair,MLB,9.0,0.30286056342217266,0.0
Azeez Ojulari,OLB,89.0,0.31643683039083376,0.03667431853386307
Azur Kamara,DE,5.0,0.30286056342217266,0.0
B.J. Hill,DT,93.0,0.3200298546559646,0.033874689214869996
Baron Browning,ILB,8.0,0.31267858038049057,0.02776954547612458
Ben Banogu,DE,25.0,0.3286137870745977,0.0495629055830091
Ben Niemann,ILB,19.0,0.3202699109896436,0.043699050984299735
Benardrick McKinney,ILB,1.0,0.30286056342217266,
Benson Mayowa,OLB,44.0,0.3212164519488532,0.0415630769043711
Bilal Nichols,DE,91.0,0.31786392888870185,0.0352548695349803
Blake Cashman,ILB,1.0,0.30286056342217266,
Blake Martinez,ILB,4.0,0.3244955416182078,0.04326995639207037
Bobby Brown,NT,5.0,0.3184391812876962,0.03483484854280337
Bobby McCain,CB,1.0,0.30286056342217266,
Bobby Okereke,MLB,17.0,0.3284727603984918,0.05316661278907062
Bobby Wagner,MLB,20.0,0.34571721148635215,0.044812569399608086
Bradlee Anae,DE,14.0,0.31372807375685924,0.02763784123011075
Bradley Chubb,OLB,6.0,0.31932910238550233,0.04033951726930119
Bradley Roby,CB,1.0,0.30286056342217266,
Brandon Copeland,OLB,6.0,0.31508371798510343,0.029940491726352415
Brandon Graham,DE,15.0,0.3241041981648691,0.04400064291339868
Brandon Jones,SS,17.0,0.33311798930016934,0.03761095571145596
Brandon Stephens,FS,10.0,0.30920474842195805,0.020062074496796554
Brandon Williams,NT,56.0,0.3167665338568468,0.035968031991665664
Brandon Wilson,FS,1.0,0.30286056342217266,
Bravvion Roy,DT,22.0,0.3192196682286463,0.03590650686672112
Breiden Fehoko,NT,1.0,0.30286056342217266,
Brennan Scarlett,OLB,9.0,0.30286056342217266,0.0
Brent Urban,DE,41.0,0.31323677679010864,0.028970945995234813
Brian Burns,DE,110.0,0.3130001033690695,0.02838289201891503
Broderick Washington,DT,22.0,0.30649082803527194,0.01702745035361005
Bryan Mone,NT,36.0,0.3301944764667306,0.047099059098774716
Bryce Callahan,CB,3.0,0.30286056342217266,0.0
Bryce Hall,CB,2.0,0.30286056342217266,0.0
Bryce Huff,DE,75.0,0.3158708089020278,0.03306785753284392
Bud Dupree,OLB,62.0,0.3065472668802092,0.01648988869364616
Budda Baker,SS,11.0,0.3098874961461849,0.023305699272618444
Byron Jones,CB,1.0,0.30286056342217266,
Byron Murphy,CB,9.0,0.30286056342217266,0.0
C.J. Mosley,ILB,21.0,0.317201933153028,0.0374053958696955
Caden Sterns,FS,2.0,0.3452253048869819,0.059912791945962995
Calais Campbell,DE,126.0,0.32786800669718574,0.038642033005485334
Cam Brown,OLB,2.0,0.34217080150295,0.05559307183395064
Cameron Heyward,DT,141.0,0.31957584250362964,0.035142086379790716
Cameron Jordan,DE,128.0,0.31525672016089135,0.03277644068640009
Cameron Lewis,CB,1.0,0.30286056342217266,
Cameron Sample,DE,96.0,0.31422941060321097,0.029716160285615474
Caraun Reid,DT,6.0,0.3205449767878121,0.04331778914627149
Carl Davis,NT,29.0,0.3238690036881055,0.04524161489529137
Carl Granderson,DE,61.0,0.3204328342426152,0.04074001696920166
Carl Nassib,DE,38.0,0.306221955328534,0.020721011337041215
Carlos Basham,DE,18.0,0.3083543686650333,0.023308241650469658
Carlos Davis,DT,6.0,0.3247546960792291,0.05362945337059403
Carlos Dunlap,OLB,111.0,0.32240091098943546,0.03963769019038859
Carlos Watkins,DE,48.0,0.31962189240476707,0.0360335544654467
Carlton Davis,CB,2.0,0.30286056342217266,0.0
Carter Coughlin,ILB,13.0,0.35531104777645256,0.03872156141826777
Casey Toohill,DE,15.0,0.3028605634221727,5.745950043620392e-17
Chandler Jones,OLB,103.0,0.3143609844226046,0.030960280543769904
Chandon Sullivan,CB,1.0,0.30286056342217266,
Charles Harris,OLB,74.0,0.3248272389886523,0.04127948660261263
Charles Omenihu,DE,58.0,0.329065043123757,0.042735062726524366
Chase Winovich,DE,28.0,0.32325852911737735,0.04148759270049041
Chase Young,DE,143.0,0.31645278127885895,0.03368292260087469
Chauncey Gardner-Johnson,SS,6.0,0.3162408485046066,0.032774871064936734
Chauncey Golston,DE,42.0,0.32136662137809757,0.03407546968300943
Chauncey Rivers,OLB,15.0,0.31870264170997853,0.042743561926250055
Chidobe Awuzie,CB,1.0,0.30286056342217266,
Chris Banjo,FS,1.0,0.30286056342217266,
Chris Board,MLB,15.0,0.3400550107241476,0.049510513122279554
Chris Garrett,LB,2.0,0.30286056342217266,0.0
Chris Harris,CB,4.0,0.30286056342217266,0.0
Chris Jackson,CB,2.0,0.30286056342217266,0.0
Chris Jones,DT,76.0,0.32047590292616546,0.03892296168756025
Chris Rumph,OLB,14.0,0.3145735675899722,0.030038448577385742
Chris Williams,DT,8.0,0.32042174103900134,0.03261087547759407
Chris Wormley,DE,105.0,0.32229625653269345,0.037332694925930505
Christian Barmore,DT,116.0,0.32366593797521526,0.03738290098990931
Christian Covington,NT,69.0,0.3129033790324431,0.026425178703381763
Christian Jones,ILB,2.0,0.3612816082557599,0.08261983393166569
Christian Kirksey,OLB,6.0,0.3574803092073104,0.04432684528724119
Christian Ringo,DT,42.0,0.31812998050281294,0.03558973107085787
Christian Wilkins,DT,79.0,0.32560598632307464,0.035732706144575674
Chuck Clark,SS,11.0,0.3352872209113697,0.07400022644494682
Clelin Ferrell,DE,25.0,0.30682269292166064,0.019810647497439857
Cody Barton,MLB,1.0,0.5030755421861159,
Cole Holcomb,OLB,18.0,0.3440081683593442,0.05009827216983192
Corey Peters,DT,18.0,0.31688346221037283,0.03290372843808646
Cory Littleton,OLB,1.0,0.30286056342217266,
D.J. Jones,DT,45.0,0.31888099413253135,0.03361291879863357
D.J. Reader,NT,97.0,0.31887214681233433,0.03299809554893393
D.J. Wonnum,DE,95.0,0.31199992769551316,0.027204283878008995
Da'Shawn Hand,DE,1.0,0.30286056342217266,
DaQuan Jones,DT,76.0,0.3294891025178121,0.040952639160033215
Daelin Hayes,OLB,2.0,0.30286056342217266,0.0
Dalvin Tomlinson,DT,55.0,0.32158363921429306,0.034288875713705376
Damien Wilson,OLB,11.0,0.3249452930536368,0.03824174233997319
Damion Square,NT,30.0,0.3028605634221726,5.646012854083702e-17
Dane Cruikshank,SS,4.0,0.33317294898947,0.06062477113459471
Daniel Ekuale,DT,22.0,0.32741023938697994,0.041629495199090774
Daniel Sorensen,FS,12.0,0.3303460435056857,0.041279107004980595
Daniel Wise,DE,2.0,0.34074875531672455,0.05358199483106962
Danielle Hunter,DE,106.0,0.3167577340730251,0.035159980271119884
Danny Johnson,CB,1.0,0.30286056342217266,
Danny Shelton,NT,19.0,0.30996769264787155,0.030979258073505798
Dante Fowler,OLB,53.0,0.32727778848128986,0.039900226423787294
Darius Hodge,DE,5.0,0.3247765816909106,0.04900570664502538
Darius Philon,DT,41.0,0.32088877602184873,0.03563756837243385
Darnay Holmes,CB,1.0,0.30286056342217266,
Darnell Savage,SS,1.0,0.40529029851963344,
Daron Payne,DT,134.0,0.32185578919585645,0.03652577620338487
Darrell Taylor,DE,75.0,0.31587117803247833,0.03500345915553438
Darryl Johnson,DE,2.0,0.3470796830448285,0.06253527868655812
Daryl Worley,CB,1.0,0.30286056342217266,
David Long,ILB,21.0,0.3395306668466716,0.03971722952768999
David Moa,DT,2.0,0.30286056342217266,0.0
David Onyemata,DT,11.0,0.32823132022075335,0.04352201667342325
Daviyon Nixon,DT,12.0,0.31470505680756095,0.027782714496558027
Davon Godchaux,NT,53.0,0.3295541952085018,0.043869930391456514
Davon Hamilton,DT,17.0,0.3104320884019698,0.02137363855008269
Dawuane Smoot,DE,90.0,0.32395208429300104,0.04230012308718961
Dayo Odeyingbo,DE,7.0,0.35653864861562595,0.05470493522460194
De'Vondre Campbell,ILB,17.0,0.3254500148113584,0.0453526101900192
DeAndre Houston-Carson,FS,4.0,0.3501099649950292,0.05525615220442963
DeForest Buckner,DT,116.0,0.3255568050001555,0.0429131612810199
DeMarcus Walker,DE,52.0,0.3265778014769158,0.041514693521265966
DeShawn Williams,DT,44.0,0.3142559749649464,0.03270264114598311
DeShon Elliott,FS,11.0,0.31601248882774846,0.02927142703164363
Dean Lowry,DE,87.0,0.3220276056102216,0.03630091465439048
Dean Marlowe,SS,4.0,0.34709467472327443,0.05108120668939732
Deatrich Wise,DE,70.0,0.3207076681454667,0.03723629608522407
Dee Ford,DE,51.0,0.3182426014483003,0.03380025046257088
Deion Jones,ILB,13.0,0.3163493909700567,0.0333905680863937
Del'Shawn Phillips,OLB,2.0,0.3412732713345784,0.05432377249720051
Demarcus Lawrence,DE,21.0,0.3097140400119493,0.021729862969637883
Demario Davis,ILB,40.0,0.32294974136894183,0.0364887788989386
Demetrius Flannigan-Fowles,MLB,3.0,0.30286056342217266,0.0
Demone Harris,DE,2.0,0.30286056342217266,0.0
Denico Autry,DE,117.0,0.32831290026869314,0.04102817501192073
Dennis Gardeck,OLB,23.0,0.32369323641957026,0.04301377697921078
Denzel Perryman,ILB,2.0,0.333433978808095,0.043237338686837594
Deommodore Lenoir,CB,1.0,0.30286056342217266,
Derek Barnett,DE,94.0,0.3241427555176618,0.04158738907557769
Derrek Tuszka,OLB,15.0,0.3028605634221727,5.745950043620392e-17
Derrick Barnes,ILB,2.0,0.34535176436561243,0.060091632655732946
Derrick Brown,DT,85.0,0.3315144635542945,0.04221022646442874
Derrick Nnadi,DT,37.0,0.31146445033572734,0.029595414740578887
Derwin James,FS,4.0,0.30286056342217266,0.0
Desmond King,CB,3.0,0.30286056342217266,0.0
Devin Bush,ILB,8.0,0.34846210285427637,0.050004794162380226
Devin McCourty,FS,2.0,0.30286056342217266,0.0
Devin White,ILB,47.0,0.34924048895444,0.05649874709740901
Devon Kennard,OLB,29.0,0.3072989663619209,0.016597480826106934
Dexter Lawrence,DE,88.0,0.3313271731742056,0.043004294299670454
Donovan Wilson,SS,2.0,0.30286056342217266,0.0
Dont'a Hightower,OLB,35.0,0.3234840906343759,0.03590960327920856
Dontae Johnson,CB,1.0,0.30286056342217266,
Donte Deayon,CB,1.0,0.30286056342217266,
Dorance Armstrong,DE,37.0,0.331451172087324,0.04007423704355322
Dre'Mont Jones,DE,121.0,0.3266787293981641,0.04234005681002452
Drue Tranquill,ILB,7.0,0.37062061045310457,0.035011607188614825
Duke Riley,ILB,9.0,0.3570549212374161,0.05961811708687758
Duron Harmon,SS,4.0,0.32169160462149893,0.0376620823986526
E.J. Speed,OLB,2.0,0.34516181485798303,0.059823003485877345
Ed Oliver,DT,75.0,0.33033035150439843,0.04618864769494304
Eddie Goldman,NT,33.0,0.31817502329128017,0.03335745107448276
Efe Obada,DE,25.0,0.33472986180763165,0.053317170952856846
Elandon Roberts,ILB,15.0,0.33174438536694856,0.04254594067572987
Eli Ankou,DT,6.0,0.30286056342217266,0.0
Eli Apple,CB,1.0,0.30286056342217266,
Elijah Molden,CB,11.0,0.31858444346065595,0.03506230310879206
Emmanuel Moseley,CB,1.0,0.30286056342217266,
Emmanuel Ogbah,DE,141.0,0.3202680645565259,0.039718365888242804
Eric Banks,DT,9.0,0.30286056342217266,0.0
Eric Kendricks,ILB,24.0,0.3500337208261178,0.04124592701766567
Eric Rowe,SS,5.0,0.30286056342217266,0.0
Eric Wilson,OLB,5.0,0.36694103752658386,0.035927010263808325
Erik Harris,FS,1.0,0.39338454075995666,
Ernest Jones,ILB,4.0,0.3250656317393224,0.044410136634299435
Everson Griffen,DE,108.0,0.3217764415764456,0.038440506902437103
Fletcher Cox,DT,101.0,0.32419625728624485,0.03795894714663843
Folorunso Fatukasi,DT,58.0,0.3276258028849282,0.039920190707634806
Foyesade Oluokun,ILB,15.0,0.3166977328467332,0.036849576693114956
Frank Clark,DE,54.0,0.3174602258713847,0.03391154074019087
Frankie Luvu,OLB,18.0,0.33130520406046726,0.04202945189694847
Fred Warner,MLB,10.0,0.3103841394350978,0.02379163635025171
Genard Avery,OLB,17.0,0.31269733400718974,0.027820062820191387
George Odum,FS,1.0,0.38851401306460637,
Gerald McCoy,DT,2.0,0.30286056342217266,0.0
Germaine Pratt,OLB,4.0,0.31559568477860345,0.025470242712861607
Grady Jarrett,DT,90.0,0.32426930171876445,0.03767655259245835
Grant Delpit,SS,2.0,0.3483141806874033,0.06428112199540496
Grant Stuard,ILB,1.0,0.4197184590096658,
Greg Gaines,NT,69.0,0.31993839171621125,0.037116816779366506
Gregory Rousseau,DE,47.0,0.32405058087374067,0.04534091522820514
Grover Stewart,DT,57.0,0.31253103392216547,0.02623577093841646
Haason Reddick,OLB,106.0,0.3185499270694825,0.035510948553605676
Harold Landry,OLB,121.0,0.3209644581231664,0.04059086568834655
Harrison Phillips,DT,25.0,0.3173803671033431,0.030351689998734395
Harrison Smith,SS,9.0,0.3123816815481586,0.02856335437795765
Hassan Ridgeway,DT,42.0,0.31051105671597024,0.023894094168611515
Henry Anderson,DE,4.0,0.30286056342217266,0.0
Henry Mondeaux,DE,21.0,0.33715310248025265,0.047776174473812404
Ifeadi Odenigbo,DE,4.0,0.3258124225783727,0.04590371831240006
Ifeatu Melifonwu,CB,1.0,0.30286056342217266,
Isaac Rochell,DE,7.0,0.30286056342217266,0.0
Isaac Yiadom,CB,1.0,0.30286056342217266,
Isaiah Buggs,DE,30.0,0.32227883643813304,0.037742736419144156
Isaiah Oliver,CB,8.0,0.30286056342217266,0.0
Isaiah Simmons,ILB,22.0,0.30638955219515335,0.016552424557028447
Isaiahh Loudermilk,DE,25.0,0.30880678173279513,0.02068515987700899
J.C. Jackson,CB,1.0,0.30286056342217266,
J.J. Watt,DE,116.0,0.33237680099043915,0.04138075998285304
Ja'Whaun Bentley,ILB,14.0,0.3319231321059277,0.04076249840436505
Jabaal Sheard,DE,5.0,0.30286056342217266,0.0
Jabari Zuniga,DE,6.0,0.30286056342217266,0.0
Jabrill Peppers,SS,8.0,0.3141733352111189,0.03199735058391897
Jace Whittaker,CB,3.0,0.30286056342217266,0.0
Jack Heflin,DT,2.0,0.30286056342217266,0.0
Jacob Martin,DE,61.0,0.3125081888671792,0.028433912473293983
Jacob Tuioti-Mariner,OLB,17.0,0.3076346694897401,0.019684143584482634
Jadeveon Clowney,DE,94.0,0.31955315307753956,0.034338798457906224
Jaelan Phillips,OLB,115.0,0.3200002218733669,0.036325964330363995
Jaleel Johnson,DT,17.0,0.31753118921437534,0.03381455985226874
Jalen Mills,CB,1.0,0.30286056342217266,
Jalen Ramsey,CB,6.0,0.3184406647726318,0.03816329844947202
Jalen Reeves-Maybin,OLB,5.0,0.31481177732286014,0.02672372669557771
Jalen Thompson,FS,2.0,0.34699996322629145,0.062422537837993175
Jalyn Holmes,DE,2.0,0.30286056342217266,0.0
Jamal Adams,SS,15.0,0.3275557652138277,0.043305918036917794
Jamel Dean,CB,1.0,0.30286056342217266,
James Lynch,NT,10.0,0.30992363438080883,0.022335391504679024
James Smith-Williams,DE,45.0,0.31054424468442227,0.02535504378138933
James Vaughters,OLB,4.0,0.30286056342217266,0.0
Jamie Collins,OLB,4.0,0.3392774366922688,0.04205743575683434
Jamien Sherwood,ILB,2.0,0.30286056342217266,0.0
Jamin Davis,MLB,13.0,0.3155366497567626,0.031030604287771765
Jamir Jones,OLB,33.0,0.3303497669381491,0.04598589962347893
Janoris Jenkins,CB,1.0,0.3990253505965146,
Jaquiski Tartt,SS,1.0,0.30286056342217266,
Jarrad Davis,MLB,1.0,0.4319260520051331,
Jarran Reed,DT,79.0,0.3206215488199361,0.03386352301702703
Jarrod Wilson,SS,1.0,0.41986294823593506,
Jashon Cornell,DE,3.0,0.3271801247288118,0.04212271580088525
Jason McCourty,FS,4.0,0.3212135974599147,0.03670606807548407
Jason Pierre-Paul,DE,112.0,0.31239049813346015,0.029982123219056335
Javelin Guidry,CB,4.0,0.30286056342217266,0.0
Javon Hargrave,DT,96.0,0.3341066096680448,0.04010024938405597
Javon Kinlaw,DT,32.0,0.31807277389020305,0.03670435289967514
Jay Tufele,DT,1.0,0.30286056342217266,
Jaycee Horn,CB,1.0,0.30286056342217266,
Jaylinn Hawkins,FS,1.0,0.3931464783947014,
Jaylon Ferguson,OLB,4.0,0.3258055483353309,0.045889969826316455
Jaylon Smith,MLB,3.0,0.30286056342217266,0.0
Jayon Brown,ILB,6.0,0.3146499521161688,0.028877986679627675
Jayron Kearse,FS,10.0,0.34353688749332634,0.04317471478504836
Jeffery Simmons,DT,138.0,0.327110498645068,0.0410903003802885
Jeremiah Attaochu,OLB,32.0,0.3234662074376763,0.04038996709783711
Jeremiah Owusu-Koramoah,OLB,10.0,0.325906276365065,0.03764786700347234
Jeremy Chinn,FS,16.0,0.3283457785646405,0.039912992599366905
Jermaine Carter,MLB,13.0,0.3481554930094797,0.03943324477843687
Jerome Baker,ILB,25.0,0.324722969007626,0.05342473542826756
Jerry Hughes,DE,70.0,0.32557051653657954,0.04023542845732313
Jerry Tillery,DT,103.0,0.3153770574827323,0.034129713124342057
Jessie Bates,FS,6.0,0.3317598438391838,0.04513503360356161
Jevon Holland,FS,6.0,0.3406097755792859,0.05852614306846487
Jihad Ward,OLB,59.0,0.32173866204576895,0.04005811199046603
Jimmie Ward,FS,5.0,0.30286056342217266,0.0
Jimmy Smith,CB,1.0,0.30286056342217266,
Joe Bachie,OLB,1.0,0.30286056342217266,
Joe Gaziano,DE,13.0,0.3107426295264588,0.028419193495600403
Joe Jackson,DE,18.0,0.3075834568860026,0.020037539970574416
Joe Schobert,ILB,14.0,0.3028605634221727,5.760664408413727e-17
Joe Tryon,OLB,68.0,0.31036750067560853,0.02499688274989853
Joe Walker,ILB,2.0,0.33473652371210105,0.04507941535568291
Joey Bosa,OLB,100.0,0.3243497244695713,0.0413423599020661
John Franklin-Myers,DE,94.0,0.3150593275417783,0.03277449603452068
John Jenkins,NT,24.0,0.32246376384000275,0.04180384362294583
John Penisini,NT,11.0,0.3200314265156395,0.03837664680439426
John Simon,DE,8.0,0.30286056342217266,0.0
Johnathan Abram,SS,5.0,0.33631009487484426,0.0463476993466119
Johnathan Hankins,NT,64.0,0.30387152289210617,0.008087675759468359
Jon Bostic,OLB,4.0,0.3410526015146365,0.04411379095090855
Jonah Williams,DE,34.0,0.31934106920005456,0.03711566816007606
Jonathan Allen,DT,121.0,0.3338686906476222,0.0415119408950749
Jonathan Bullard,DE,20.0,0.3062174702338447,0.015012543650061416
Jonathan Garvin,OLB,55.0,0.3078029715507077,0.020837435758102076
Jonathan Greenard,DE,35.0,0.3144171561457843,0.028940000259786977
Jonathan Jones,CB,2.0,0.30286056342217266,0.0
Jonathan Ledbetter,DE,2.0,0.30286056342217266,0.0
Jonathon Cooper,OLB,51.0,0.317349715429372,0.04071035593305212
Jordan Elliott,DT,32.0,0.3107646148494726,0.02576649800594625
Jordan Evans,OLB,3.0,0.32731426811403735,0.04235505895959513
Jordan Fuller,SS,2.0,0.30286056342217266,0.0
Jordan Hicks,ILB,24.0,0.3459406039223752,0.04151153143847861
Jordan Jenkins,DE,42.0,0.3298513764330401,0.04216091590658146
Jordan Phillips,DE,20.0,0.3074630576828702,0.02058298006594462
Jordan Poyer,SS,4.0,0.32756608624849604,0.04941104565264676
Jordan Whitehead,SS,8.0,0.30286056342217266,0.0
Jordan Willis,DE,5.0,0.356793267154015,0.049765386985772826
Jordyn Brooks,OLB,15.0,0.3425918242467271,0.05162022826997251
Joseph Jones,ILB,15.0,0.3028605634221727,5.745950043620392e-17
Josey Jewell,ILB,2.0,0.30286056342217266,0.0
Josh Allen,OLB,84.0,0.3174552904507819,0.03215968566497655
Josh Bynes,ILB,5.0,0.3196921653394974,0.03763660605735383
Josh Mauro,DE,7.0,0.30286056342217266,0.0
Josh Sweat,DE,98.0,0.3120693989863818,0.026734606251600124
Josh Tupou,NT,55.0,0.31237703078544865,0.031280927384164096
Josh Uche,OLB,66.0,0.3233080317292964,0.042447836037424864
Joshua Kaindoh,DE,7.0,0.3141265364025842,0.0298069627833422
Josiah Bronson,DT,2.0,0.30286056342217266,0.0
Jourdan Lewis,CB,2.0,0.30286056342217266,0.0
Juan Thornhill,FS,2.0,0.34448391093602926,0.05886430256546441
Julian Love,SS,2.0,0.30286056342217266,0.0
Julian Okwara,OLB,43.0,0.32349326977231563,0.03943749688684476
Julian Stanford,OLB,2.0,0.30286056342217266,0.0
Justin Ellis,DT,38.0,0.3091426665655099,0.02275300913098515
Justin Hamilton,DT,18.0,0.33133795037026653,0.041732311954249354
Justin Hollins,OLB,45.0,0.3146227593852836,0.03241798244897563
Justin Houston,OLB,93.0,0.3174105555543176,0.03541432415608299
Justin Jones,DT,17.0,0.3297309699996197,0.04307694369561517
Justin Lawler,OLB,3.0,0.30286056342217266,0.0
Justin Madubuike,DT,53.0,0.31217509558253653,0.02979617893696904
Justin Simmons,FS,2.0,0.3501888168425149,0.06693225787047884
Justin Strnad,ILB,12.0,0.3370532036386047,0.042410846075714874
Justin Zimmer,DT,57.0,0.3208855899753088,0.035725007556697386
Juston Burris,SS,3.0,0.30286056342217266,0.0
K'Lavon Chaisson,OLB,32.0,0.31062344028210687,0.030892425124299294
K'Waun Williams,CB,5.0,0.30286056342217266,0.0
K.J. Britt,ILB,1.0,0.40536905179405647,
Kaden Elliss,OLB,16.0,0.33125410547453443,0.046907186963275165
Kamren Curl,FS,3.0,0.33045049829362527,0.04778716897487223
Kamu Grugier-Hill,ILB,4.0,0.30286056342217266,0.0
Kareem Jackson,SS,2.0,0.30286056342217266,0.0
Karl Joseph,SS,1.0,0.30286056342217266,
Keanu Neal,MLB,7.0,0.30286056342217266,0.0
Kemoko Turay,DE,38.0,0.3246888820479125,0.049234692191243296
Kendal Vickers,DT,8.0,0.3126502780799907,0.027689494481697857
Kendall Fuller,CB,3.0,0.30286056342217266,0.0
Kenneth Murray,ILB,3.0,0.35984264737885013,0.050306591658723976
Kenny Clark,NT,151.0,0.32580446389651146,0.037244408706783735
Kenny Moore,CB,12.0,0.30933795174649675,0.02243833135616539
Kenny Willekes,DE,10.0,0.3199923566877698,0.03616416248461118
Kenny Young,ILB,23.0,0.33766194913084274,0.04561327247049312
Kentavius Street,DE,36.0,0.31777871775440614,0.03593368798003034
Kerry Hyder,DE,113.0,0.31980981608523734,0.03595129531571184
Kevin Byard,FS,3.0,0.3310955321734435,0.04890440042732069
Kevin Givens,DT,21.0,0.3358694169636537,0.043836214589600436
Kevin King,CB,1.0,0.40220093323021183,
Kevin Minter,ILB,7.0,0.3131236267371259,0.027153513221076498
Kevin Strong,DE,8.0,0.30286056342217266,0.0
Khaleke Hudson,MLB,1.0,0.38581587960263025,
Khalen Saunders,DT,25.0,0.3119905777064545,0.025301977506780617
Khalid Kareem,DE,5.0,0.3233466903935759,0.04580837250374956
Khalil Davis,DT,2.0,0.30286056342217266,0.0
Khalil Mack,OLB,83.0,0.3236693956318137,0.04285125008114212
Khari Willis,SS,6.0,0.315002808414127,0.029742304562152523
Khyiris Tonga,NT,14.0,0.30918787433064726,0.02367462959910925
Kingsley Keke,DE,82.0,0.314783914788206,0.031197076757072173
Kristian Welch,MLB,1.0,0.30286056342217266,
Krys Barnes,ILB,3.0,0.3268705584895655,0.04158653134620253
Kwity Paye,DE,57.0,0.3207027825351329,0.04596585834850871
Kwon Alexander,OLB,12.0,0.31637932673333913,0.03191157320519144
Kyle Dugger,FS,5.0,0.30286056342217266,0.0
Kyle Van Noy,OLB,38.0,0.31595635642040065,0.03091023393455114
Kyler Fackrell,OLB,46.0,0.32940018992393005,0.044016035548526254
Kylie Fitts,OLB,10.0,0.32018401022008436,0.036589774536907295
Kyzir White,ILB,9.0,0.3111728508402195,0.02493686225414058
L'Jarius Sneed,CB,11.0,0.3028605634221727,5.822058658345462e-17
L.J. Collier,DE,7.0,0.34190348527449876,0.050750283687878636
Ladarius Hamilton,OLB,11.0,0.3131573961015436,0.03415073052654322
Landon Collins,SS,5.0,0.335736983054398,0.04513394303120057
Larrell Murchison,DT,34.0,0.31394379023728225,0.03192654067545123
Larry Ogunjobi,DT,130.0,0.3155746990237083,0.03170622235442543
Lavonte David,ILB,27.0,0.3254753101013707,0.03910885302273504
Lawrence Guy,DT,30.0,0.31521113567289544,0.03297849043725295
Leighton Vander Esch,OLB,4.0,0.30286056342217266,0.0
Leki Fotu,DT,35.0,0.305991953654986,0.018525554449343187
Leonard Floyd,OLB,126.0,0.3222466781465996,0.03793944391911623
Leonard Williams,DT,126.0,0.31885379673701925,0.03582134844597876
Lerentee McCray,DE,2.0,0.30286056342217266,0.0
Levi Onwuzurike,DE,21.0,0.3028605634221727,5.688200336284365e-17
Linval Joseph,NT,56.0,0.32177667854722597,0.03541955366448311
Logan Ryan,FS,6.0,0.33956452302060885,0.05690361571607294
Logan Wilson,ILB,16.0,0.32101336193556634,0.03911256004637334
Lorenzo Carter,OLB,71.0,0.3096878731418154,0.025144430489683862
M.J. Stewart,SS,1.0,0.30286056342217266,
Mackensie Alexander,CB,4.0,0.34492214591776715,0.04883971455270331
Malcolm Jenkins,SS,15.0,0.3077573241540373,0.018965072764873792
Malcolm Roach,DT,52.0,0.31503427618833907,0.03039941445228102
Malcolm Smith,MLB,6.0,0.30286056342217266,0.0
Malcom Brown,DT,48.0,0.30637270313497056,0.01702271396108613
Maliek Collins,DT,66.0,0.3352283968983552,0.045344532723440044
Malik Harrison,OLB,10.0,0.31147345630444273,0.027236358751025914
Malik Hooker,FS,1.0,0.3842377071836032,
Malik Jackson,DT,107.0,0.3253589210738683,0.04144179167602383
Malik McDowell,DT,86.0,0.3213403824753359,0.03904713042549851
Malik Reed,OLB,121.0,0.31283217006487457,0.03220225407019018
Marcell Harris,OLB,1.0,0.30286056342217266,
Marco Wilson,CB,1.0,0.30286056342217266,
Marcus Davenport,DE,32.0,0.325709578224214,0.04172384440770761
Marcus Epps,SS,1.0,0.3820158070728847,
Marcus Maye,FS,4.0,0.34841829287135495,0.05298021813744255
Margus Hunt,DT,4.0,0.30286056342217266,0.0
Mario Addison,DE,63.0,0.3152818229413291,0.030869877587980682
Mario Edwards,DT,32.0,0.3339102681681448,0.04650172313445422
Markus Bailey,ILB,1.0,0.30286056342217266,
Markus Golden,OLB,115.0,0.317699829630984,0.036619646491069864
Marlon Davidson,DT,31.0,0.31981364217638963,0.03979931126567182
Marlon Humphrey,CB,2.0,0.30286056342217266,0.0
Marlon Tuipulotu,DT,8.0,0.313438837948777,0.029919878604059463
Marquis Haynes,DE,15.0,0.31280110816449724,0.02627566820155188
Matt Ioannidis,DT,75.0,0.3346143603624911,0.04600380819703312
Matt Judon,OLB,105.0,0.325089774195026,0.042280505346325915
Matt Milano,OLB,15.0,0.3598475184084316,0.04351688672459704
Maurice Hurst,DT,2.0,0.30286056342217266,0.0
Maxx Crosby,DE,130.0,0.3212693518848529,0.03818095178059142
McTelvin Agim,DE,8.0,0.30286056342217266,0.0
Melvin Ingram,OLB,87.0,0.32095053717786537,0.03485044548290867
Micah Hyde,FS,4.0,0.3495494674541343,0.05441470667784504
Micah Kiser,ILB,2.0,0.34522064973376865,0.05990620856515395
Micah Parsons,OLB,64.0,0.32968303384767184,0.04086324984620631
Michael Brockers,DE,50.0,0.3170987380279919,0.037624047156682335
Michael Carter,CB,12.0,0.31243246951853765,0.03315805536836466
Michael Danna,DE,78.0,0.3166554134408251,0.03703740067886604
Michael Dogbe,DE,32.0,0.32493046734270736,0.04675598461035935
Michael Hoecht,DT,41.0,0.31908464050920304,0.034072978667060785
Michael Pierce,NT,16.0,0.3192185154604531,0.0364601314525487
Mike Edwards,FS,8.0,0.3253680258735272,0.04168570208992988
Mike Hilton,CB,16.0,0.3118067407127597,0.02490767151438094
Mike Pennel,NT,3.0,0.32685590777458123,0.0415611555634826
Mike Purcell,NT,24.0,0.314719002571388,0.034398970557318644
Milton Williams,DT,41.0,0.31136312738583743,0.02315183035531502
Minkah Fitzpatrick,SS,2.0,0.30286056342217266,0.0
Montez Sweat,DE,120.0,0.31457348190837353,0.03475225047655091
Montravius Adams,DE,24.0,0.30761041704528924,0.01609719831110564
Monty Rice,ILB,1.0,0.30286056342217266,
Morgan Fox,DE,85.0,0.3280567875022393,0.039093160826020865
Mykal Walker,ILB,3.0,0.3277697930475955,0.0431440512886322
Myles Garrett,DE,115.0,0.32742206300780347,0.04256434327391813
Myles Hartsfield,FS,1.0,0.39363475637484474,
Myles Jack,MLB,18.0,0.34861130115291195,0.04366094859330044
Naquan Jones,DT,35.0,0.3139984864896785,0.029591493612859576
Nate Hobbs,CB,1.0,0.30286056342217266,
Nathan Shepherd,DT,35.0,0.32060933965393945,0.037538564508898205
Ndamukong Suh,DE,130.0,0.3173074901974257,0.037990880303022986
Nicholas Williams,DE,61.0,0.3228265743662763,0.042926328959898855
Nick Bolton,ILB,13.0,0.3198778025387969,0.04154047507167603
Nick Bosa,DE,85.0,0.3295278851713335,0.04393171132055128
Nick Dzubnar,ILB,4.0,0.30286056342217266,0.0
Nick Kwiatkoski,ILB,1.0,0.30286056342217266,
Nick Scott,SS,1.0,0.39525575708416144,
Nick Vigil,OLB,8.0,0.33948939379189047,0.05292370345640516
Nik Needham,CB,5.0,0.30286056342217266,0.0
Odafe Oweh,OLB,113.0,0.32199827437812417,0.03961241044990078
Ogbonnia Okoronkwo,OLB,46.0,0.31139294528558276,0.024766538297732538
Olasunkanmi Adeniyi,OLB,59.0,0.3260631713543137,0.04316556352001801
Oren Burks,ILB,5.0,0.33201981889568505,0.0412556074698918
Osa Odighizuwa,DT,105.0,0.3224238615284041,0.03717500925236893
Oshane Ximines,OLB,41.0,0.3218894625518351,0.04023226270852594
P.J. Locke,FS,1.0,0.30286056342217266,
P.J. Williams,CB,4.0,0.30286056342217266,0.0
Pat O'Connor,DE,2.0,0.35057388164967473,0.06747682174315685
Patrick Queen,MLB,13.0,0.3214943545943126,0.0355711870317065
Patrick Surtain,CB,1.0,0.30286056342217266,
Payton Turner,DE,53.0,0.32778612150944364,0.04486480711526737
Pernell McPhee,OLB,52.0,0.3200803616843451,0.03517213047691866
Pete Werner,OLB,11.0,0.3275494119335029,0.043902933050441885
Poona Ford,NT,93.0,0.32913166749264494,0.0389535678364139
Preston Smith,OLB,96.0,0.33158887085461786,0.047282542366207145
Quandre Diggs,FS,1.0,0.39556769737204633,
Quincy Roche,OLB,23.0,0.31193533428516507,0.030880315216568224
Quincy Williams,OLB,8.0,0.3321889536999441,0.0405254519023572
Quinnen Williams,NT,85.0,0.32567385483061284,0.03884776944692947
Quinton Bohanna,DT,21.0,0.3079094067399749,0.023136706675800776
Quinton Jefferson,DT,90.0,0.3216055449155053,0.035851417056258494
Raekwon Davis,NT,22.0,0.31338688597913866,0.03599353550161321
Rakeem Nunez-Roches,DT,59.0,0.3187832100098201,0.03252921854660436
Randy Gregory,DE,84.0,0.33553056178696994,0.049409825741287855
Rashaan Evans,ILB,4.0,0.30286056342217266,0.0
Rashan Gary,OLB,123.0,0.3220425262280923,0.03882613765610753
Rashard Lawrence,NT,23.0,0.3187479737302624,0.03678184545934839
Rasheem Green,DE,142.0,0.32016811638604276,0.038118136318994
Raymond Johnson,DE,12.0,0.3122979252687938,0.03269198041551944
Rayshawn Jenkins,SS,5.0,0.3186169990651534,0.03523246118080569
Reggie Ragland,ILB,6.0,0.32987768821212926,0.041878241115452415
Reginald McKenzie,G,2.0,0.30286056342217266,0.0
Ricardo Allen,SS,2.0,0.3421330716153459,0.05553971371519409
Richard Sherman,CB,2.0,0.30286056342217266,0.0
Robert Alford,CB,1.0,0.30286056342217266,
Robert Nkemdiche,DT,35.0,0.3130697450700292,0.03057178318034382
Robert Quinn,OLB,82.0,0.3262707359283479,0.03844755948717881
Robert Spillane,OLB,5.0,0.3470475041266742,0.040569685414824676
Roderic Teamer,CB,1.0,0.30286056342217266,
Romeo Okwara,OLB,27.0,0.3150942047151259,0.03013797230956307
Ronnie Harrison,SS,3.0,0.30286056342217266,0.0
Roquan Smith,ILB,20.0,0.31331575193348604,0.032797762642791814
Ross Blacklock,DT,43.0,0.32522340143951695,0.03709451496905719
Ross Cockrell,CB,17.0,0.30286056342217266,0.0
Roy Lopez,DT,44.0,0.30510630031212926,0.01489653328369197
Roy Robertson-Harris,DT,40.0,0.31719631209040056,0.03390572753940142
Rudy Ford,SS,4.0,0.3227964063311448,0.03987168581794431
Ryan Kerrigan,DE,42.0,0.32380142388123606,0.038806174773377625
Sam Eguavoen,ILB,43.0,0.33675376607826113,0.041683861029406
Sam Franklin,SS,3.0,0.3300863416829514,0.04715643122327308
Sam Hubbard,DE,140.0,0.3120787616927237,0.02824276411317154
Sam Kamara,OLB,11.0,0.3028605634221727,5.822058658345462e-17
Samson Ebukam,DE,53.0,0.31772495335598294,0.03146570787900044
Sean Chandler,SS,4.0,0.33025725988105753,0.05479339291776983
Sebastian Joseph,NT,112.0,0.3126643606676455,0.030655152790140135
Shaka Toney,DE,1.0,0.30286056342217266,
Shamar Stephen,DE,35.0,0.31511331142886967,0.0351082773602192
Shaq Lawson,DE,67.0,0.30892528788975504,0.024349745092089765
Shaq Thompson,OLB,11.0,0.32280068003088225,0.04533606641742199
Shaquil Barrett,OLB,135.0,0.3219769023174811,0.04106801354985729
Shaquille Leonard,MLB,13.0,0.34011464459635377,0.042623434988513724
Sharif Finch,OLB,1.0,0.30286056342217266,
Shelby Harris,DE,99.0,0.3167288134750963,0.03447752546181863
Sheldon Day,DT,2.0,0.30286056342217266,0.0
Sheldon Rankins,DT,89.0,0.31253159891417376,0.02481288651481054
Sheldon Richardson,DT,82.0,0.31806201474120416,0.034661527380526226
Shy Tuttle,DT,52.0,0.3085554809128045,0.020763990616522322
Sione Takitaki,OLB,2.0,0.30286056342217266,0.0
Solomon Thomas,DT,79.0,0.32325537348819666,0.03920027426098174
Star Lotulelei,DT,50.0,0.3172069064483146,0.0357759385473939
Stephen Weatherly,OLB,20.0,0.32866796224384737,0.04601002529239499
Steve McLendon,NT,32.0,0.32240310928851124,0.042863692141903074
Steven Means,OLB,73.0,0.3172558503932176,0.03522530681048218
T.J. Edwards,ILB,1.0,0.4039413651454432,
T.J. Watt,OLB,105.0,0.3247083968309768,0.040372955986755325
Ta'Quon Graham,DE,20.0,0.31260828746589936,0.030651250417057095
Taco Charlton,DE,4.0,0.30286056342217266,0.0
Tae Crowder,ILB,16.0,0.31817425314046877,0.03310588857882651
Takkarist McKinley,DE,67.0,0.3288774392471929,0.04250424854787908
Talanoa Hufanga,SS,2.0,0.30286056342217266,0.0
Tanner Vallejo,ILB,2.0,0.3383592789949156,0.050202765009798075
Tanoh Kpassagnon,DE,69.0,0.3179788867925601,0.03588594942305454
Tarell Basham,DE,78.0,0.3162054434734461,0.03235274464231742
Taron Johnson,CB,2.0,0.30286056342217266,0.0
Tarron Jackson,DE,19.0,0.3086302156357857,0.025149330938514725
Tashawn Bower,DE,1.0,0.30286056342217266,
Taven Bryan,DT,14.0,0.3086795953988038,0.02177282397923564
Tavierre Thomas,CB,3.0,0.30286056342217266,0.0
Tavon Young,CB,7.0,0.3195548939327377,0.04416904683567313
Taylor Rapp,FS,5.0,0.33905205982584585,0.049564682204842225
Taylor Stallworth,DT,17.0,0.3066150878018707,0.015480300591451534
Teair Tart,DT,37.0,0.3151975716333448,0.028918376001977084
Tedarrell Slaton,DT,11.0,0.3105525459143628,0.02551141982057754
Terrell Edmunds,SS,2.0,0.30286056342217266,0.0
Terrell Lewis,OLB,100.0,0.3122276057128999,0.028848821503653723
Tershawn Wharton,DT,53.0,0.326015434398718,0.04307749182567106
Tevaughn Campbell,CB,2.0,0.30286056342217266,0.0
Tim Settle,DT,25.0,0.3242883043382055,0.035467372413474266
Tim Ward,DE,17.0,0.3088837089187459,0.024834065080834862
Torry McTyer,CB,1.0,0.30286056342217266,
Tracy Walker,FS,6.0,0.31579406183295644,0.03168047169551748
Tre Herndon,CB,4.0,0.30286056342217266,0.0
Tre Norwood,FS,4.0,0.30286056342217266,0.0
Tre'Davious White,CB,1.0,0.30286056342217266,
Tremaine Edmunds,MLB,11.0,0.3028605634221727,5.822058658345462e-17
Trent Harris,OLB,2.0,0.30286056342217266,0.0
Trevis Gipson,OLB,46.0,0.3123891718111024,0.032558556688929687
Trey Flowers,OLB,54.0,0.31587644795393793,0.032405631525180195
Trey Hendrickson,DE,131.0,0.3175433402320259,0.034168718680275864
Troy Hill,CB,6.0,0.3329069578137056,0.04686998489343043
Troy Reeder,ILB,12.0,0.3364514519480278,0.042018464093161685
Tyeler Davison,DT,31.0,0.31028446819492345,0.02883097645252555
Tyler Lancaster,NT,23.0,0.32680638820838065,0.03758713459896518
Tyquan Lewis,DE,95.0,0.31939929743394785,0.03652289554026236
Tyrann Mathieu,SS,8.0,0.31397794581553473,0.03144470591756093
Tyson Alualu,DE,30.0,0.3410110057907379,0.05122497935300029
Tyus Bowser,OLB,69.0,0.32451122369086044,0.041573632671667055
Uchenna Nwosu,OLB,67.0,0.31896444638137184,0.04082447776305998
Ugochukwu Amadi,FS,4.0,0.30286056342217266,0.0
Vernon Butler,DT,32.0,0.3163526410228963,0.03228398003818997
Victor Dimukeje,OLB,4.0,0.30286056342217266,0.0
Vincent Taylor,DT,5.0,0.35682271279835664,0.053539749406518525
Vita Vea,NT,119.0,0.33850658447736237,0.04376002527562243
Von Miller,OLB,95.0,0.3276243109242255,0.04351768336781416
Vonn Bell,SS,7.0,0.3752395246884862,0.036424207874352396
Whitney Mercilus,DE,76.0,0.3174615248164986,0.03659224793661366
Will Harris,SS,2.0,0.30286056342217266,0.0
William Gholston,DE,66.0,0.3229469484977221,0.03901620535137312
Willie Gay,OLB,4.0,0.3567275524141858,0.07040385323162458
Woodrow Hamilton,DT,1.0,0.30286056342217266,
Wyatt Ray,DE,45.0,0.3204159624121473,0.03856777112520048
Xavier Woods,FS,1.0,0.30286056342217266,
Yannick Ngakoue,DE,126.0,0.3220890194775893,0.03734100356956287
Yetur Gross-Matos,DE,31.0,0.32992323209658136,0.04488248654921282
Za'Darius Smith,OLB,4.0,0.322207989736138,0.03869485262793074
Zach Allen,DE,76.0,0.31016288300120065,0.02363073727838655
Zach Cunningham,ILB,3.0,0.3457123892452095,0.03719800623829741
Zach Kerr,DT,7.0,0.3383481757215006,0.06491590037374764
Zach Sieler,DT,40.0,0.3380739654885535,0.041782611979416795
Zack Baun,OLB,5.0,0.3337763447539467,0.04264875492491915
Zaven Collins,ILB,7.0,0.30286056342217266,0.0
